dataset,abbreviation,MLP,FCN,ResNet,DTW_I,TSF,TapNet,TimesNet,ConvTran,KATN,RPM-CNN,SRPM-CNN,ROCKET,MiniRocket,MultiRocket,Hydra,AIM-TSformer
ArticularyWordRecognition,AWR,0.945 ± 0.021,0.985 ± 0.002,0.972 ± 0.012,0.977 ± 0.000,0.963 ± 0.002,0.803 ± 0.061,0.977 ± 0.004,0.972 ± 0.005,0.985 ± 0.004,0.965 ± 0.009,0.669 ± 0.018,0.993 ± 0.000,0.992 ± 0.002,0.992 ± 0.002,0.987 ± 0.005,0.993 ± 0.000
BasicMotions,BM,0.870 ± 0.045,1.000 ± 0.000,0.995 ± 0.011,1.000 ± 0.000,1.000 ± 0.000,0.935 ± 0.105,0.965 ± 0.029,0.990 ± 0.014,1.000 ± 0.000,1.000 ± 0.000,0.975 ± 0.025,1.000 ± 0.000,1.000 ± 0.000,1.000 ± 0.000,1.000 ± 0.000,1.000 ± 0.000
Epilepsy,EP,0.680 ± 0.034,0.967 ± 0.015,0.971 ± 0.008,0.950 ± 0.000,0.927 ± 0.006,0.970 ± 0.017,0.881 ± 0.038,0.973 ± 0.006,0.969 ± 0.011,0.959 ± 0.004,0.816 ± 0.010,0.985 ± 0.000,1.000 ± 0.000,1.000 ± 0.000,1.000 ± 0.000,1.000 ± 0.000
ERing,ER,0.913 ± 0.008,0.870 ± 0.016,0.865 ± 0.012,0.878 ± 0.000,0.927 ± 0.010,0.692 ± 0.079,0.912 ± 0.014,0.805 ± 0.061,0.939 ± 0.010,0.934 ± 0.014,0.657 ± 0.029,0.985 ± 0.004,0.984 ± 0.003,0.993 ± 0.003,0.986 ± 0.003,0.950 ± 0.002
FaceDetection,FD,0.645 ± 0.007,0.537 ± 0.007,0.548 ± 0.018,N/A,0.562 ± 0.002,0.555 ± 0.007,0.670 ± 0.007,0.651 ± 0.011,0.663 ± 0.008,0.656 ± 0.011,0.501 ± 0.011,0.608 ± 0.010,0.589 ± 0.005,0.609 ± 0.003,0.535 ± 0.012,0.650 ± 0.008
FingerMovements,FM,0.525 ± 0.052,0.594 ± 0.042,0.536 ± 0.057,0.519 ± 0.000,0.527 ± 0.019,0.500 ± 0.023,0.532 ± 0.057,0.547 ± 0.062,0.524 ± 0.046,0.527 ± 0.047,0.526 ± 0.056,0.544 ± 0.033,0.568 ± 0.035,0.584 ± 0.018,0.559 ± 0.051,0.703 ± 0.015
Handwriting,HW,0.280 ± 0.010,0.454 ± 0.033,0.514 ± 0.023,0.497 ± 0.000,0.336 ± 0.011,0.341 ± 0.020,0.335 ± 0.007,0.227 ± 0.027,0.430 ± 0.015,0.282 ± 0.015,0.132 ± 0.009,0.579 ± 0.003,0.503 ± 0.007,0.508 ± 0.003,0.458 ± 0.013,0.382 ± 0.008
Libras,LIB,0.763 ± 0.013,0.929 ± 0.008,0.901 ± 0.031,0.900 ± 0.000,0.846 ± 0.007,0.743 ± 0.032,0.757 ± 0.031,0.792 ± 0.006,0.856 ± 0.019,0.771 ± 0.021,0.509 ± 0.019,0.908 ± 0.006,0.937 ± 0.006,0.932 ± 0.005,0.951 ± 0.002,0.912 ± 0.002
LSST,LSST,0.379 ± 0.013,0.261 ± 0.040,0.287 ± 0.067,0.444 ± 0.000,0.427 ± 0.005,0.401 ± 0.008,0.403 ± 0.009,0.121 ± 0.012,0.415 ± 0.022,0.155 ± 0.007,0.143 ± 0.006,0.382 ± 0.002,0.461 ± 0.009,0.453 ± 0.007,0.407 ± 0.006,0.377 ± 0.013
NATOPS,NA,0.850 ± 0.014,0.947 ± 0.022,0.940 ± 0.014,0.839 ± 0.000,0.908 ± 0.014,0.909 ± 0.024,0.877 ± 0.020,0.940 ± 0.009,0.940 ± 0.013,0.823 ± 0.023,0.697 ± 0.016,0.886 ± 0.005,0.924 ± 0.020,0.923 ± 0.011,0.874 ± 0.011,0.943 ± 0.005
PEMS-SF,PEMS,0.788 ± 0.062,0.759 ± 0.038,0.774 ± 0.031,0.669 ± 0.000,0.873 ± 0.005,0.752 ± 0.033,0.828 ± 0.019,0.691 ± 0.037,0.742 ± 0.023,0.779 ± 0.036,0.664 ± 0.029,0.826 ± 0.018,0.810 ± 0.017,0.807 ± 0.025,0.789 ± 0.014,0.907 ± 0.005
PenDigits,PD,0.971 ± 0.008,0.984 ± 0.003,0.981 ± 0.008,0.939 ± 0.000,0.959 ± 0.003,0.983 ± 0.006,0.981 ± 0.005,0.665 ± 0.076,0.984 ± 0.003,N/A,N/A,0.981 ± 0.001,N/A,N/A,0.969 ± 0.002,0.994 ± 0.001
PhonemeSpectra,PM,0.086 ± 0.004,0.254 ± 0.010,0.306 ± 0.013,0.151 ± 0.000,0.151 ± 0.005,0.230 ± 0.021,0.149 ± 0.003,0.083 ± 0.007,0.195 ± 0.005,0.173 ± 0.006,0.137 ± 0.002,0.277 ± 0.003,0.315 ± 0.003,0.328 ± 0.004,0.336 ± 0.004,0.226 ± 0.001
RacketSports,RS,0.789 ± 0.017,0.888 ± 0.017,0.900 ± 0.013,0.849 ± 0.000,0.902 ± 0.007,0.812 ± 0.018,0.848 ± 0.013,0.820 ± 0.028,0.910 ± 0.013,N/A,0.650 ± 0.032,0.913 ± 0.009,0.889 ± 0.023,0.890 ± 0.015,0.907 ± 0.010,0.918 ± 0.009
DuckDuckGeese,DDG,0.428 ± 0.033,0.572 ± 0.052,0.584 ± 0.026,0.480 ± 0.000,0.568 ± 0.027,0.508 ± 0.027,0.472 ± 0.095,0.648 ± 0.011,0.612 ± 0.030,0.220 ± 0.032,0.252 ± 0.030,0.508 ± 0.027,0.608 ± 0.018,0.544 ± 0.017,0.516 ± 0.022,0.644 ± 0.017
UWaveGestureLibrary,UWG,0.810 ± 0.051,0.853 ± 0.014,0.824 ± 0.020,0.856 ± 0.000,0.861 ± 0.006,0.579 ± 0.076,0.862 ± 0.011,0.861 ± 0.022,0.887 ± 0.009,0.868 ± 0.006,0.438 ± 0.014,0.935 ± 0.003,0.939 ± 0.007,0.941 ± 0.005,0.909 ± 0.011,0.906 ± 0.007
AtrialFibrillation,AF,0.200 ± 0.000,0.200 ± 0.000,0.120 ± 0.056,0.267 ± 0.000,0.467 ± 0.000,0.227 ± 0.060,0.253 ± 0.087,0.320 ± 0.056,0.293 ± 0.037,0.253 ± 0.073,0.280 ± 0.030,0.067 ± 0.000,0.120 ± 0.030,0.067 ± 0.000,0.120 ± 0.056,0.520 ± 0.030
Cricket,CR,0.836 ± 0.057,0.989 ± 0.006,0.972 ± 0.017,0.986 ± 0.000,0.931 ± 0.010,0.692 ± 0.076,0.914 ± 0.032,0.958 ± 0.022,0.956 ± 0.015,0.928 ± 0.021,0.808 ± 0.037,1.000 ± 0.000,0.986 ± 0.000,0.986 ± 0.000,0.989 ± 0.006,1.000 ± 0.000
EthanolConcentration,EC,0.295 ± 0.016,0.304 ± 0.037,0.284 ± 0.038,0.308 ± 0.000,0.435 ± 0.010,0.273 ± 0.046,0.278 ± 0.019,0.308 ± 0.015,0.295 ± 0.021,0.250 ± 0.016,0.278 ± 0.019,0.425 ± 0.013,0.454 ± 0.016,0.545 ± 0.017,0.512 ± 0.004,0.549 ± 0.041
HandMovementDirection,HMD,0.463 ± 0.041,0.302 ± 0.059,0.326 ± 0.039,0.283 ± 0.000,0.437 ± 0.055,0.314 ± 0.051,0.616 ± 0.046,0.359 ± 0.045,0.634 ± 0.035,0.720 ± 0.020,0.254 ± 0.041,0.495 ± 0.028,0.374 ± 0.026,0.307 ± 0.039,0.275 ± 0.034,0.459 ± 0.013
Heartbeat,HB,0.595 ± 0.021,0.671 ± 0.058,0.639 ± 0.065,0.533 ± 0.000,0.607 ± 0.009,0.617 ± 0.038,0.594 ± 0.041,0.652 ± 0.032,0.678 ± 0.029,0.544 ± 0.034,0.604 ± 0.023,0.635 ± 0.025,0.687 ± 0.026,0.636 ± 0.022,0.639 ± 0.026,0.681 ± 0.034
SelfRegulationSCP1,SRS1,0.823 ± 0.057,0.795 ± 0.055,0.677 ± 0.184,0.765 ± 0.000,0.835 ± 0.008,0.721 ± 0.129,0.858 ± 0.024,0.896 ± 0.012,0.888 ± 0.010,0.854 ± 0.017,0.537 ± 0.025,0.852 ± 0.006,0.916 ± 0.007,0.950 ± 0.002,0.884 ± 0.007,0.858 ± 0.004
SelfRegulationSCP2,SRS2,0.478 ± 0.015,0.509 ± 0.026,0.512 ± 0.029,0.528 ± 0.000,0.468 ± 0.017,0.546 ± 0.033,0.470 ± 0.019,0.503 ± 0.040,0.452 ± 0.016,0.536 ± 0.024,0.501 ± 0.009,0.533 ± 0.009,0.498 ± 0.017,0.548 ± 0.013,0.532 ± 0.024,0.618 ± 0.010
StandWalkJump,SWJ,0.427 ± 0.060,0.347 ± 0.056,0.360 ± 0.037,0.400 ± 0.000,0.427 ± 0.037,0.307 ± 0.121,0.333 ± 0.094,0.267 ± 0.094,0.347 ± 0.030,0.373 ± 0.060,0.253 ± 0.110,0.467 ± 0.000,0.453 ± 0.030,0.667 ± 0.000,0.453 ± 0.030,0.693 ± 0.037
